COMMENT_ID,AUTHOR,DATE,CONTENT,VIDEO_NAME,CLASS
COMMENT_ID,AUTHOR,DATE,CONTENT,VIDEO_NAME,CLASS
UgzLYEFOaqNbuBvaYap4AaABAg,Zilkenian_Davenport,2019-10-20T15:01:53,Lets be honest here this guy owned the world for a while. Well I'm glad 213k people agree on this. Maybe he still owns the world. EDIT: You're going to make me update the likes of this comment for a while right?...,PSY - GANGNAM STYLE(?????) M/V,2
UgwrQyrPPXpVXe7x3A54AaABAg,snorao,2019-08-10T23:20:07,I bet we didn't know this was kpop until years later...,PSY - GANGNAM STYLE(?????) M/V,2
Ugy7j0XpmSAbulAp8Bd4AaABAg,myz1c835,2019-11-03T18:56:30,Didn't realize we have been listening to kpop since we were like 7 years old,PSY - GANGNAM STYLE(?????) M/V,2
UgzaRfG_PhPoreOLZoB4AaABAg,DaniaBerry143,2025-03-28T14:39:00,More then half of the worlds population listened to this masterpiece... speechless,PSY - GANGNAM STYLE(?????) M/V,2
UgxRK3YS3aImOAPuN7F4AaABAg,Iblamegenetics.0,2024-12-08T12:55:22,This is the closest we were to achieve world peace,PSY - GANGNAM STYLE(?????) M/V,2
UgxcK4aIJ9CNHm_dlsV4AaABAg,yyumass,2020-05-10T07:02:06,PSY: Created a Korean song  99.99% of listeners: *Not Korean*,PSY - GANGNAM STYLE(?????) M/V,2
Ugxezk78vogNofq5xKt4AaABAg,_Raecious_,2025-01-05T16:14:39,Bro almost united the whole world 😭😭,PSY - GANGNAM STYLE(?????) M/V,2
Ugz8Ca2b8NGzoXQ2vaB4AaABAg,upmoon3542,2025-03-27T19:11:28,Like clockwork. Time to moon baby,PSY - GANGNAM STYLE(?????) M/V,2
UgwXd9XpiVSOvSSGqxN4AaABAg,prisha-s7l,2025-03-16T09:15:43,Bro almost owned a whole generation,PSY - GANGNAM STYLE(?????) M/V,2
UgyQDlHe2AthIAASe0R4AaABAg,TZ-741,2025-03-27T19:38:23,The fact we are all here says so much ngl def not alone,PSY - GANGNAM STYLE(?????) M/V,2
UgiPQGQjLw7EaHgCoAEC,davidchoimusic,2015-05-08T22:01:56,So many everything...,PSY - GANGNAM STYLE(?????) M/V,2
Ugxj3UZ7LwUOlMy2Imh4AaABAg,2ontravelling,2025-03-27T19:28:16,Hi Guys - nice to meet you here again 🚀,PSY - GANGNAM STYLE(?????) M/V,2
UgzFEY_UIYSugoZYhM94AaABAg,jhaber..2025,2025-03-06T22:37:21,Its March 2025 lets see how many legends are listening to this banger,PSY - GANGNAM STYLE(?????) M/V,2
Ugyic6kEyCyw1zYSOdd4AaABAg,Lagatortooth,2025-03-25T03:45:47,It’s been over 12 years since the world was at peace,PSY - GANGNAM STYLE(?????) M/V,2
UgxAu0--DAuuix96H2l4AaABAg,raceallen1569,2022-01-31T07:09:08,8 years passed but still this hits different. Truly a masterpiece.,PSY - GANGNAM STYLE(?????) M/V,2
UgwDyYGNppxvSB0_wQl4AaABAg,anthonyzatate702,2025-03-27T19:30:28,46 More at $21.50 in the bank babeeeee!!!!,PSY - GANGNAM STYLE(?????) M/V,2
Ugw35YqndTR8J5EnwBV4AaABAg,derekmurray4303,2021-06-08T15:24:07,Anyone else find it slightly calming that they are doing exactly what we expected/predicted?,PSY - GANGNAM STYLE(?????) M/V,2
UgwJG46vXj0bWq0uD9J4AaABAg,LynxEarle_118,2025-02-19T03:03:23,Just felt like stopping by and listening to some gangnam style today,PSY - GANGNAM STYLE(?????) M/V,2
Uggh3Lh--5uZxXgCoAEC,永遠にX,2016-11-02T14:11:13,finaly I can see this from germany,PSY - GANGNAM STYLE(?????) M/V,2
UgzQX3rB2pb6k9cmANp4AaABAg,DorForce,2025-03-27T19:11:13,Every time. Hold the line,PSY - GANGNAM STYLE(?????) M/V,2
Ugj_hEkU5co8xXgCoAEC,SternerDavid,2015-02-27T15:36:30,Is his suit black and blue or white and gold? ,PSY - GANGNAM STYLE(?????) M/V,2
Ughltz_Ptz0QrngCoAEC,t4sblue666,2016-11-01T19:27:46,Comments  80%-Germany 19%-Watch the many views  1%-Nice Song,PSY - GANGNAM STYLE(?????) M/V,2
Ugzzr8c27OPiZ3qwAa14AaABAg,lilpeepersquasshhh378,2019-05-14T21:34:47,I’m writing this May 14 2019 other people will come back to this and see it 2020 or 2021  This is my second time back it’s June 29 I’m just checking  What’s up guys I’m back it’s January 5 2020   I’m back gonna check in again later in a couple months  What’s up Bois is October 6th 2020 😉  I’m Back again it’s been a year It’s November 8th 2021  IM BACK!! it’s 2024. wow 3 years has gone by since my last comment.  January 6th 2024 it’s been 5 years since i wrote that comment for the 1st time 😭 i hope all is well to everyone,PSY - GANGNAM STYLE(?????) M/V,2
UgzSFU9EECv3Ne7ccrJ4AaABAg,AaronRiemer-p7y,2025-03-27T19:49:04,Good Morning Every,PSY - GANGNAM STYLE(?????) M/V,2
UghGouy6YnEDpngCoAEC,barbossa8142,2016-09-26T17:45:00,2012 was 4 years ago?! oh my god we're all dying.,PSY - GANGNAM STYLE(?????) M/V,2
UgjqLgzzwN0urXgCoAEC,user-hr7lv8sz3y,2017-01-29T09:46:16,2.7 BILLLION!!!!!! Btw who came here after watching PewDiePies video let's try get this video 1 MILLION COMMENTS!,PSY - GANGNAM STYLE(?????) M/V,2
UghWqM1vUtpcsngCoAEC,ABHJT,2016-12-15T08:32:11,Who else is watching this in 2961 B.C in Egyptian Empire under rule of Ramesses II﻿,PSY - GANGNAM STYLE(?????) M/V,2
Ugyvi9ClofLQkbwW9UR4AaABAg,bradh5629,2025-03-27T19:30:09,ligma  criminal hedge funds 🔥🚀,PSY - GANGNAM STYLE(?????) M/V,2
UgiZE3ApwRoJd3gCoAEC,Predator7877Beast,2015-06-14T16:45:57,Anyone else come here to check the views?,PSY - GANGNAM STYLE(?????) M/V,2
UgipYw3HTphpqHgCoAEC,bobbyphobic5188,2015-07-23T00:12:46,Waiting for 3B views,PSY - GANGNAM STYLE(?????) M/V,2
Ugh8nO2l_3rvFHgCoAEC,AngeIzzz,2016-11-04T11:15:48,G E R M A N Y <3   SO FÜHLTE SICH ALSO DER MAUERFALL AN :3   #DEUTSCHLAND,PSY - GANGNAM STYLE(?????) M/V,2
UgyALBasuJ4SzdRN6yd4AaABAg,gerrardspencer7321,2025-03-27T19:18:46,Ahaha- I love you all! As soon as it went down I came right here.,PSY - GANGNAM STYLE(?????) M/V,2
UgjZZz-2vugqNHgCoAEC,tinapenghuang,2015-08-18T01:46:20,Who just came here to see the views?,PSY - GANGNAM STYLE(?????) M/V,2
Ugyuo-0Lxz_Iz_-kmWx4AaABAg,iseeyoushill1889,2025-03-27T19:14:37,Can’t wait to show my daughter how tf we got so rich. ❤ ya apes!,PSY - GANGNAM STYLE(?????) M/V,2
Ugirpw37Se1KgngCoAEC,thegamingfreakthz8572,2015-09-20T18:01:30,Are people still active here?,PSY - GANGNAM STYLE(?????) M/V,2
UgwTh1wBVoCnmrimfI94AaABAg,maltseasalt,2025-03-27T19:37:17,Bought another 100 today thanks Ken dumb storm trooper,PSY - GANGNAM STYLE(?????) M/V,2
Ugi3LPLxDsJt7XgCoAEC,mesportsfootball5025,2016-04-23T21:57:13,Who's watching this just to see how many views it got?,PSY - GANGNAM STYLE(?????) M/V,2
Ughh2Yz321ZHj3gCoAEC,Ahoke,2016-10-28T19:15:49,Who came here to see how many views this has?,PSY - GANGNAM STYLE(?????) M/V,2
UghWdEysTnGCmHgCoAEC,hugomakilutila5552,2016-04-13T18:46:30,Who is here just to see the view,PSY - GANGNAM STYLE(?????) M/V,2
UgxnkrKANYQnF4gb6vZ4AaABAg,Jannik-us3pg,2025-03-27T19:56:11,Love you all apes of gme ❤,PSY - GANGNAM STYLE(?????) M/V,2
UghKo4xpHHUNB3gCoAEC,DeadlyRaging,2016-01-08T02:19:36,How come every comment has likes I wanna be cool,PSY - GANGNAM STYLE(?????) M/V,2
UgiUgr9mkD20gngCoAEC,milrauze7069,2017-01-11T16:46:11,Who's watching in 2017 ?﻿,PSY - GANGNAM STYLE(?????) M/V,2
UgjBEImTYQpMTngCoAEC,zacharyjohnson6893,2015-12-04T01:55:14,Who came here after watching daddy?,PSY - GANGNAM STYLE(?????) M/V,2
UgxxB-l8D2qT3JfzvdB4AaABAg,jimmytokesalot2595,2025-03-27T19:37:09,Reddit server down!! 😂 just picked up another 84 shares on that juicy discount!! Ty,PSY - GANGNAM STYLE(?????) M/V,2
Ugg-Ys8lUYtAf3gCoAEC,brentonryan7409,2015-09-18T09:58:05,Who came here to check the number of views?,PSY - GANGNAM STYLE(?????) M/V,2
UgiV9TZdLAjTbHgCoAEC,jamiemorley2275,2015-08-30T00:22:42,Who's watching on 30th of August,PSY - GANGNAM STYLE(?????) M/V,2
Ugi_94VRKNKDpXgCoAEC,manarelbashir8987,2015-05-15T11:08:22,Who's watching this in 2015?,PSY - GANGNAM STYLE(?????) M/V,2
UgxSwLLwrWoWXh98kGh4AaABAg,c.b.3654,2025-03-27T19:30:09,They are done. Now we go up!,PSY - GANGNAM STYLE(?????) M/V,2
UghPgOWW64ezVHgCoAEC,Aristomenis31,2016-12-15T06:48:52,"Whos saying some shit like ""Who's watching in 2016/2013565"" to get likes?",PSY - GANGNAM STYLE(?????) M/V,2
UgjZ_b0HHq_VTHgCoAEC,vincentpollack,2016-11-28T19:20:07,Who came here just to see The views?,PSY - GANGNAM STYLE(?????) M/V,2
Ugzxiq-fPtPjJ7ftZrV4AaABAg,Shosho9j,2025-03-29T18:43:37,Who is watching it since 2025?,PSY - GANGNAM STYLE(?????) M/V,2
UgiJes5sEnYR03gCoAEC,sjtsaur,2015-08-08T02:39:03,Who came here just for the view count?,PSY - GANGNAM STYLE(?????) M/V,2
UgiQed98vMjp2ngCoAEC,christianlopez8616,2016-12-02T23:54:10,who came to this video just to see how many views it had?,PSY - GANGNAM STYLE(?????) M/V,2
UgybFUJEHna6hSQIJQl4AaABAg,deleted8985,2025-03-27T19:34:21,I can finally comment without karma!!,PSY - GANGNAM STYLE(?????) M/V,2
Ugift-kFomOLcXgCoAEC,Чтоделать-д5е,2017-01-07T20:23:52,Who watch this in 2017?,PSY - GANGNAM STYLE(?????) M/V,2
Ugjpx-hMQmbhdXgCoAEC,Askold7kr,2015-04-04T16:35:52,2015 year. More than 2 billion views. HOLY. FUCKING. SHIT.,PSY - GANGNAM STYLE(?????) M/V,2
Ugh_USB7FJucBngCoAEC,CWeertman,2015-11-01T13:10:16,Who watch this on 1 November and 2 November?,PSY - GANGNAM STYLE(?????) M/V,2
UgxQnbcqfhXH6zGpEAp4AaABAg,dru8303,2025-03-27T19:24:23,Ahh we meet again!,PSY - GANGNAM STYLE(?????) M/V,2
Ugjsfbaf8itR3ngCoAEC,speakthewoo2702,2016-10-30T00:27:28,who came to see how many views it has,PSY - GANGNAM STYLE(?????) M/V,2
UghY-AuKsLM5eHgCoAEC,guilhemdemontureux5068,2016-11-03T20:38:11,WHO WATCHING THIS VIDEO ON 7TH NOVEMBER,PSY - GANGNAM STYLE(?????) M/V,2
Ugh2aojhb3nZ5XgCoAEC,vaggeliskanakis3800,2016-10-13T12:08:07,who came here to see how many views and likes have the video?,PSY - GANGNAM STYLE(?????) M/V,2
UgxTUgVAcQHYZcR-OTh4AaABAg,skipsbullforce387,2025-03-27T19:19:30,You can’t make this up 😂🍻,PSY - GANGNAM STYLE(?????) M/V,2
UgjwxVfAxUJyPXgCoAEC,vaibhavkhairnar9960,2016-09-18T20:09:53,who else is reading comments while watching this video give me a like.,PSY - GANGNAM STYLE(?????) M/V,2
Ugj6mnAeQxT0OHgCoAEC,mutedvortex4617,2015-07-24T21:26:30,Who came here jst for the views??? ,PSY - GANGNAM STYLE(?????) M/V,2
UgwRXWzuFkISIZ80Z_14AaABAg,generalgrunt,2025-03-27T19:43:45,Tanks 25% and Reddit goes down… there are no coincidences,PSY - GANGNAM STYLE(?????) M/V,2
UgiJ0FyR2fey6XgCoAEC,ellanicholls9773,2016-10-14T08:10:09,No one cares but its my dogs birthday soon,PSY - GANGNAM STYLE(?????) M/V,2
Ugjo46CPWu80lngCoAEC,thebright6590,2016-04-05T10:42:27,who is here just to watch how many views ? ^_^,PSY - GANGNAM STYLE(?????) M/V,2
UgiCt_2DXv1jZXgCoAEC,SubhamG7,2016-10-23T15:18:20,Who's watching on Oct 23 2016??,PSY - GANGNAM STYLE(?????) M/V,2
Ugz5BulFimHDhNXqZG54AaABAg,andlorenz1998,2025-03-27T19:11:28,HELLO APPPPEEEESSSS,PSY - GANGNAM STYLE(?????) M/V,2
UgjiwfnHdmQ363gCoAEC,khangtran3200,2015-08-20T12:39:12,*I changed this comment so the replies won’t make sense*,PSY - GANGNAM STYLE(?????) M/V,2
UggZHzVzyJ2TI3gCoAEC,DeadOrgies,2015-10-11T06:50:45,who is here to see the amount of views?,PSY - GANGNAM STYLE(?????) M/V,2
Ugh4jCU7m3vu03gCoAEC,TheSoCanadian,2017-01-19T20:50:33,Why are you still searching this up,PSY - GANGNAM STYLE(?????) M/V,2
UgwqxwHQK3jxk_0rUAJ4AaABAg,CornbreadTTV,2025-03-27T19:19:42,I’m going to blast this song in my Lambo after $GME moons,PSY - GANGNAM STYLE(?????) M/V,2
UghLi5Bz5bSa7XgCoAEC,isabellacammalleri8489,2016-11-17T15:49:36,Who  came here 2 see how many views?,PSY - GANGNAM STYLE(?????) M/V,2
UgiHWJBN1na7-ngCoAEC,donjetahashani2958,2017-02-23T18:49:04,Who watches? February 23 2017 ??,PSY - GANGNAM STYLE(?????) M/V,2
Ugi0vS-EFvrT0XgCoAEC,realnickhiro,2016-12-16T17:28:57,Who came here just to see the views? Oo,PSY - GANGNAM STYLE(?????) M/V,2
UgxhxJez83epFsPRs6Z4AaABAg,boggler1000,2025-03-27T19:14:36,Volume is up….superstonk is down but not Reddit….things are getting spicy,PSY - GANGNAM STYLE(?????) M/V,2
Ugggq9mpEq2ulngCoAEC,brodogger81,2016-07-19T16:06:13,Nobody cares if you are checking to see how many views there are.,PSY - GANGNAM STYLE(?????) M/V,2
UgjUhf3CqlDTn3gCoAEC,IsaacHD,2015-07-16T07:16:39,Who's here July 16th to check the views? Lol,PSY - GANGNAM STYLE(?????) M/V,2
UgggeUI4eZqcF3gCoAEC,relickmygenitahll_3482,2015-11-19T15:51:22,Who came here just to see how many views the video has?,PSY - GANGNAM STYLE(?????) M/V,2
UgwF2yg0NNyANavx3mZ4AaABAg,nosajd545,2025-03-27T19:29:46,rise up!,PSY - GANGNAM STYLE(?????) M/V,2
UgjuwJ8SRSzeAXgCoAEC,frankdebrouwer5057,2015-06-28T17:11:03,Who is watching this on 29 june 2015?,PSY - GANGNAM STYLE(?????) M/V,2
UgiZMmoQmhYIbXgCoAEC,kristenischinger6733,2016-11-16T21:06:10,This will get lost in comments but who came 4 veiws?!,PSY - GANGNAM STYLE(?????) M/V,2
Ugj7NDgDp5d55ngCoAEC,bywavy,2017-01-29T17:54:39,Like als Ronaldo beter is dan Messi,PSY - GANGNAM STYLE(?????) M/V,2
Ugyp721StY_VAYOa8sp4AaABAg,rl_bebisher,2025-03-27T19:28:05,GameStop is the best investment ever!,PSY - GANGNAM STYLE(?????) M/V,2
UghJYUynIHwccXgCoAEC,mrmayday9788,2015-07-14T22:12:28,Whose watching on  ∞th ?,PSY - GANGNAM STYLE(?????) M/V,2
Ugh1_LUFk0EeJ3gCoAEC,billcom7066,2016-05-08T17:51:32,Shit released in 2012? man where has the time gone? ( ͡o ͜ʖ ͡o),PSY - GANGNAM STYLE(?????) M/V,2
UgiQnV0ApmaZ13gCoAEC,asherjafir1336,2016-03-10T17:55:35,Who is here for only the likes and views?,PSY - GANGNAM STYLE(?????) M/V,2
Ugz9QTKYvBPljLz3JZV4AaABAg,13loodLust,2025-03-27T19:52:37,Can the real MONKES please stand up! POWER TO THE PLAYERS!,PSY - GANGNAM STYLE(?????) M/V,2
UgjxFjGgWBXGJHgCoAEC,__________o____________,2015-12-03T00:45:49,only here for 3 billion views,PSY - GANGNAM STYLE(?????) M/V,2
Ugjrd5EzRdwftHgCoAEC,grumpy69,2017-03-06T15:12:07,who's watching now :v,PSY - GANGNAM STYLE(?????) M/V,2
UgiWOEUj5ZI0XHgCoAEC,TheMrTobiasRieper,2016-09-11T17:20:05,Who came for the views?,PSY - GANGNAM STYLE(?????) M/V,2
UgxEjccLWZUEmKEYU7N4AaABAg,tsock11,2025-03-27T19:39:36,I bought more today. DRSing 286 shares this week,PSY - GANGNAM STYLE(?????) M/V,2
UgiJCd55KTcmL3gCoAEC,reallyserius5416,2015-10-11T02:10:38,Going to a vacation for a week   This comment better hit 100 likes when I come back!,PSY - GANGNAM STYLE(?????) M/V,2
UggUM0pS1CmHr3gCoAEC,SupraHP-,2015-12-03T21:15:05,Just to see how much views anybody else ^^?,PSY - GANGNAM STYLE(?????) M/V,2
Ugi5y1_NU8ixIngCoAEC,millip8505,2015-11-06T17:08:44,Who's watching in November 2015!? (Also my most viewed video only has like a little over 250 views XD),PSY - GANGNAM STYLE(?????) M/V,2
UgwBQaejMP76mKwQ2C14AaABAg,swede2k12,2025-03-27T20:26:15,Diamond 💎 Hands ✋️,PSY - GANGNAM STYLE(?????) M/V,2
UgjOI3ogV_0OCngCoAEC,lauramirelacolea171,2017-01-22T14:23:33,Who is watching in 2017? 😂,PSY - GANGNAM STYLE(?????) M/V,2
UghZHd00uKVyeHgCoAEC,lightskinsora6410,2016-07-11T14:52:37,Am I the only one who came to look at the views because I was bored and had nothing else to do?,PSY - GANGNAM STYLE(?????) M/V,2
UggZwYU2dMS7O3gCoAEC,simunm7616,2016-10-01T09:32:18,who come to see views at 4th October 2016,PSY - GANGNAM STYLE(?????) M/V,2
Ugx1k18BFO4wIljX95J4AaABAg,Zombiejeans1,2025-03-27T19:49:01,They can’t stop what’s coming. It’s a reckoning. Tell em we’re coming. And hell is coming with us. 🐎 🐎 🏴‍☠️🏴‍☠️,PSY - GANGNAM STYLE(?????) M/V,2
UgjYh1X4Zu3SQ3gCoAEC,liamprice5546,2015-07-12T21:38:17,Whose watching on July 13th?,PSY - GANGNAM STYLE(?????) M/V,2
Ugilzweijc9Y3HgCoAEC,sabashubladze5305,2016-10-19T11:58:42,who's watching this on 20  octomber lol,PSY - GANGNAM STYLE(?????) M/V,2
UgjnXbX6Go3BQngCoAEC,SkyHunterss,2015-04-29T21:26:02,Who came here just to See How Many views on it 😂🙌,PSY - GANGNAM STYLE(?????) M/V,2
UgwoojeqJX5anfRzNBd4AaABAg,Hansihector,2025-03-27T19:31:34,GME 🚀🚀🚀,PSY - GANGNAM STYLE(?????) M/V,2
UginK0-RG0N7ingCoAEC,kkuraaa,2016-01-13T03:33:26,So I can just talk about the views and get free likes?,PSY - GANGNAM STYLE(?????) M/V,2
UgjrMTPi2EAViHgCoAEC,zaaDalmaad,2016-11-15T18:03:50,"%50 of comment's ""Who else came here to check the views"" 40% of comment's""who watching this in 2016?""  10% Other...    Edited : 2016 to 2017 btw i think it will change to 2018 soon (end my life pls)",PSY - GANGNAM STYLE(?????) M/V,2
UgiR0m_G1gJpXngCoAEC,GodExists1,2014-12-21T00:20:56,╔╦╦  ╠╬╬╬╣  ╠╬╬╬╣OK! WHO ATE MY  ╠╬╬╬╣CHOCOLATE!! ╚╩╩╩╝﻿,PSY - GANGNAM STYLE(?????) M/V,2
Ugysg2HFYdND5EBWgpN4AaABAg,theecomzone,2025-03-27T19:40:13,Just loaded up on 500 more GME shares!!!!,PSY - GANGNAM STYLE(?????) M/V,2
UgjHVay7SO3JUngCoAEC,lukasiiino9283,2017-02-01T13:42:34,Who watching today 1.2.2017?,PSY - GANGNAM STYLE(?????) M/V,2
Ugj2SCiGS4or1ngCoAEC,Triple4G,2016-11-08T23:55:25,2012...what...the...fuck...happened during that year,PSY - GANGNAM STYLE(?????) M/V,2
UgjWL0oLSObDNHgCoAEC,herro_kitty_kat7958,2015-04-13T11:37:11,i wish i was top comment with like 29 k likes lol never will happen :(,PSY - GANGNAM STYLE(?????) M/V,2
UgxBV4HHkQKhjuPwnMR4AaABAg,smat_2,2025-03-27T19:44:47,You are also here right 😉,PSY - GANGNAM STYLE(?????) M/V,2
UgiXRIhD-59RrHgCoAEC,TomGamerGG,2015-09-22T07:09:46,Just come here for check views :) good day all :),PSY - GANGNAM STYLE(?????) M/V,2
UggGY8ERxzaGYHgCoAEC,badoofingwackle5239,2016-12-19T23:05:43,Who ever replies probably is here to see the views and likes,PSY - GANGNAM STYLE(?????) M/V,2
Ugjvf-8CLzcDdngCoAEC,cas3007,2016-10-08T09:58:26,Well.... Just checking the views...,PSY - GANGNAM STYLE(?????) M/V,2
UgwmzdYBYemZ3TxH8md4AaABAg,Bmacorr,2025-03-27T19:25:54,We can HODL longer than they can stay solvent. Buy HOLD DRS 🚀,PSY - GANGNAM STYLE(?????) M/V,2
Ugi3rt9FDJhxDHgCoAEC,fynn7745,2017-01-22T11:02:57,Irgendwer hier 2017?  😀 LUL,PSY - GANGNAM STYLE(?????) M/V,2
Ugjsx8-KFRe5ingCoAEC,MrBonglove,2014-11-23T23:04:55,I just spent 10 years in prison what the FUCK is this shit?,PSY - GANGNAM STYLE(?????) M/V,2
UgiXoiTxAOzZrHgCoAEC,Archangel_Be,2016-04-12T06:56:23,Replay if you’re gay,PSY - GANGNAM STYLE(?????) M/V,2
UgzPzdZbBmLd9PR0IvZ4AaABAg,MWN94,2025-03-27T19:42:35,Bought 1250 more today,PSY - GANGNAM STYLE(?????) M/V,2
Ugjl0Cq1Gea8xHgCoAEC,mr.sneezonyou5464,2016-04-17T18:27:06,everyone here to see vieuws? xd,PSY - GANGNAM STYLE(?????) M/V,2
Ugg2VXWGpampl3gCoAEC,ИСМАИЛУЦИЕВ-з1ч,2015-11-04T16:24:23,Ебать сколько просмотров!!!,PSY - GANGNAM STYLE(?????) M/V,2
UggKcbuVNMQnGXgCoAEC,inigo6497,2017-02-03T06:39:44,.,PSY - GANGNAM STYLE(?????) M/V,2
UgyyRwmK0dD616zWdzN4AaABAg,winkekatz9041,2025-03-27T19:37:13,No cell no sell! Let's fucking go!,PSY - GANGNAM STYLE(?????) M/V,2
UgyZyNXnaHhMd5ZyfeB4AaABAg,swimheiss,2025-03-27T19:05:04,I thought it was just glitching for me. Happy I came here to check! GME baby!,PSY - GANGNAM STYLE(?????) M/V,2
UgzCvqn0W2BscUGka5d4AaABAg,SofreeSoeasy,2025-03-27T19:37:04,I knew my family was here #GMEILY Edit: this song is going to hit soooo different when the dust settles,PSY - GANGNAM STYLE(?????) M/V,2
UgxlbyZj-5tuo9yWLBh4AaABAg,miregal53,2025-03-27T19:26:38,Is it time again GME?! 😂❤,PSY - GANGNAM STYLE(?????) M/V,2
UgzHsyQNnWwylwWMzWR4AaABAg,LadyHighPriestess420,2025-03-27T19:52:22,just here to listen to the moass theme song,PSY - GANGNAM STYLE(?????) M/V,2
UgxmgbP5uw67rIqMDI14AaABAg,mongoahuman9087,2025-03-27T19:21:49,77000000 volume earnings beat BTC reserves; of course the price drops,PSY - GANGNAM STYLE(?????) M/V,2
Ugxen_dBan2FKgE9E-x4AaABAg,TheiTempo,2025-03-27T19:10:01,Ooohhhh they big mad 😂😂😂😂,PSY - GANGNAM STYLE(?????) M/V,2
UgyJZDMNfW8EfP_IGnh4AaABAg,0ffbeatlj,2025-03-27T20:02:27,reddit down on a minus 20% day... literally prophecy stuff rn,PSY - GANGNAM STYLE(?????) M/V,2
UgyoLa34rzpTbIXG6z14AaABAg,jackob7578,2025-03-27T18:57:13,HOLD THELINE BOYS!!!! SCOOP THATDIP ITS THE FINAL DIP,PSY - GANGNAM STYLE(?????) M/V,2
Ugw9t12vQOy42QOEGs94AaABAg,kirantube89,2025-03-27T19:49:04,LFG! Moss begins tomorrow lol,PSY - GANGNAM STYLE(?????) M/V,2
UgzexkeqVSfQZ2n6qJR4AaABAg,CornbreadTTV,2025-03-27T19:17:47,Social media getting attacked and $GME volatile af. Crazy timing there Kenny,PSY - GANGNAM STYLE(?????) M/V,2
UgwyLQTV2azkxD_FCQ14AaABAg,ManWithXrayEyes,2025-03-27T19:52:29,Buckle Up! 741 To The MooN!,PSY - GANGNAM STYLE(?????) M/V,2
UgwhbWWWtEQzF_iSaWV4AaABAg,woods.water.123,2025-03-27T19:12:29,Can’t stop won’t stop,PSY - GANGNAM STYLE(?????) M/V,2
UgxeOQJIuEOgxVIAgMN4AaABAg,mikejones-999,2025-03-27T19:43:15,Bought 250 more shares today lets go!,PSY - GANGNAM STYLE(?????) M/V,2
UgzEmy4v5QsMk-dT2MN4AaABAg,Wiezgie,2025-03-27T19:51:41,This video almost has as many views as Gamestop has cash on hand,PSY - GANGNAM STYLE(?????) M/V,2
Ugy_F-wtM_Zn5GagA8h4AaABAg,lylekilpatrick6466,2025-03-27T18:57:31,😂 I don’t even google is Reddit down anymore. I just check this.,PSY - GANGNAM STYLE(?????) M/V,2
UgwksB4BmdPE58_8eYl4AaABAg,abadoxagoodox,2025-03-27T19:07:02,I’m here for history,PSY - GANGNAM STYLE(?????) M/V,2
UgwyyU9x0gRcHVw4kSx4AaABAg,dknightcecil7395,2025-03-27T19:31:22,Nice e to see you all again. Its been 84 years.,PSY - GANGNAM STYLE(?????) M/V,2
UgyvIa5V026sr-dAWDB4AaABAg,DRS_GME-i5f,2025-03-27T19:11:55,PAPA COHEN'S FAVORITE SONG,PSY - GANGNAM STYLE(?????) M/V,2
UgwUJGwzUM08tk8gi9h4AaABAg,dougfernandez656,2025-03-27T19:53:02,WE ARE BACK BABY,PSY - GANGNAM STYLE(?????) M/V,2
UgxeCtcXMuygulUm8R94AaABAg,FelixCL-b7c,2025-03-27T19:39:16,Averaging down oclock babeeeeyyyyyy,PSY - GANGNAM STYLE(?????) M/V,2
UgzCx1zfedQTtGMRk5x4AaABAg,buzzrit,2025-03-27T19:22:49,Just checking in #GME gang,PSY - GANGNAM STYLE(?????) M/V,2
UgyXsO3XkU0xVdoHFct4AaABAg,Zombiejeans1,2025-03-27T19:12:03,Hoist the colors high we shall never die 🏴‍☠️,PSY - GANGNAM STYLE(?????) M/V,2
UgyfFdpFGcPeMEVfbSt4AaABAg,robertneumann3886,2025-03-27T19:48:16,TO THE FUCKING MOON,PSY - GANGNAM STYLE(?????) M/V,2
UgyhZjbcg_QbsSAxIJV4AaABAg,2ontravelling,2025-03-27T19:30:40,bought 50 🍌 🍌🍌🍌🍌…. Wasn’t even planned 😂 😂😂,PSY - GANGNAM STYLE(?????) M/V,2
UgzA3GRZ7h_5wY2SEZx4AaABAg,jonf5889,2025-03-27T19:00:00,Haha just checking to see. This our year boys,PSY - GANGNAM STYLE(?????) M/V,2
UgxOh6wk-uqbtw0pMCh4AaABAg,robertneumann3886,2025-03-27T19:49:11,Remind me what happened during the French Revolution again?,PSY - GANGNAM STYLE(?????) M/V,2
UgxkZf4sX3_hAIL0vqV4AaABAg,pakemurkmol,2025-03-27T19:13:55,Hello hello my fellow gmApes,PSY - GANGNAM STYLE(?????) M/V,2
UgxvJlKzOY2zEA0RUQB4AaABAg,AlterAbility,2025-03-27T19:37:30,What an amazing discount! 🤩,PSY - GANGNAM STYLE(?????) M/V,2
Ugyb8rV-uaRXhQRWaEl4AaABAg,JCBowler,2025-03-27T19:52:53,Test of the gmerican broadcast system...,PSY - GANGNAM STYLE(?????) M/V,2
UgxiW_HxrZ4KbC4sVsR4AaABAg,OfNoImport,2025-03-27T19:43:43,BUY THE DIP! $GME!,PSY - GANGNAM STYLE(?????) M/V,2
Ugx2lJaKMt2JiaPVxRt4AaABAg,anthonyzatate702,2025-03-27T19:35:53,We found the bottom boys only one way to go from here! 🚀🚀🚀🚀🚀🚀,PSY - GANGNAM STYLE(?????) M/V,2
UgzZctlOwCf6geOP4ZF4AaABAg,253SPL,2025-03-27T18:58:02,As told in the prophecy.,PSY - GANGNAM STYLE(?????) M/V,2
UgzxxT7YvliLZmBUOH94AaABAg,stevendodds7712,2025-03-27T19:16:31,biggest volume in ages by miles and a 24% drop? make it make sense ffs,PSY - GANGNAM STYLE(?????) M/V,2
UgxzkQAcy_DPQtQYsZJ4AaABAg,kgriegz5958,2025-03-27T19:53:38,Give us the DD big brains 🏴‍☠️🏴‍☠️🏴‍☠️,PSY - GANGNAM STYLE(?????) M/V,2
UgxEbN8nCgCdSJ39Cl94AaABAg,MindLess927,2025-03-27T19:06:38,🚀🚀🚀🚀🚀🚀🚀ape together strong,PSY - GANGNAM STYLE(?????) M/V,2
UgwuxCyVgR4HFyqRWF14AaABAg,tWALLACEimmGROMITy,2025-03-27T19:33:39,Bought 115 more shares power to the people no sell no cell,PSY - GANGNAM STYLE(?????) M/V,2
UgwvUH2fv2e_p1850b94AaABAg,BehzatTaşlık,2025-03-27T19:33:28,To the Moon 🚀,PSY - GANGNAM STYLE(?????) M/V,2
UgzUvgSuWnvCpWvThY14AaABAg,anthonyzatate702,2025-03-27T19:15:04,The Sultan must have just bought in,PSY - GANGNAM STYLE(?????) M/V,2
UgzmeiC_7xe4bXKMcGt4AaABAg,LATER_SPACE_COWBOY,2025-03-27T19:50:17,Get in here everyone 🍦,PSY - GANGNAM STYLE(?????) M/V,2
UgwMxZH6uIPIcqB1VAB4AaABAg,SurfIine,2025-03-27T19:57:30,This song hypes me up so hard for  MOASS love when Reddit goes down,PSY - GANGNAM STYLE(?????) M/V,2
UgyTf2F1oxpVUUz3yd14AaABAg,OverworkedAI,2025-03-27T19:45:56,Can't stop....,PSY - GANGNAM STYLE(?????) M/V,2
UgxNETxo1_Cy-bj-RM54AaABAg,robertneumann3886,2025-03-27T19:50:45,twitter down too... something is going on,PSY - GANGNAM STYLE(?????) M/V,2
UgzebgufT4cCreednfN4AaABAg,danh9103,2025-03-27T19:48:14,Bought 700 @ $21.40.,PSY - GANGNAM STYLE(?????) M/V,2
Ugw9Rj5jKaOP1igEbc94AaABAg,smashingpenguins4388,2025-03-27T19:03:41,GME to the moon,PSY - GANGNAM STYLE(?????) M/V,2
Ugy_3NPcgyb0VJdUs-p4AaABAg,bpisan,2025-03-27T19:25:40,SuperStonk down for anyone else?,PSY - GANGNAM STYLE(?????) M/V,2
Ugx9eJGX8XrHlc5juL94AaABAg,roaringktty,2025-03-27T19:19:12,Kenny boy hows my mayo taste,PSY - GANGNAM STYLE(?????) M/V,2
Ugx7nQwzaHTeE8patVN4AaABAg,andyreact,2025-03-27T19:25:54,Well this drop certainly motivated me to buy some more! 😸💎🙌🚀🚀🚀,PSY - GANGNAM STYLE(?????) M/V,2
UghEvAgZOcWSFHgCoAEC,officialvisaural,2016-05-15T10:41:22,"Who's here to see the ""Who's here to see"" comments?",PSY - GANGNAM STYLE(?????) M/V,2
UgwklhoOUXvn0PF4NZh4AaABAg,ChickyParm42,2025-03-27T19:32:50,Reddit down. There’s a damn lot of us posting here.,PSY - GANGNAM STYLE(?????) M/V,2
UgxZeXqNUd7UlWPgm_h4AaABAg,Nocturne.Reverie,2025-03-27T19:35:29,Y'all know the drill #GME,PSY - GANGNAM STYLE(?????) M/V,2
Ugz7624-_lWTcrAUc0J4AaABAg,hulksmash1236,2025-03-27T19:10:13,Buying the dip!,PSY - GANGNAM STYLE(?????) M/V,2
UgwTx7kUcUpnNtnA1rd4AaABAg,suitedkings,2025-03-27T19:40:52,Can't Stop Won't Stop,PSY - GANGNAM STYLE(?????) M/V,2
UgycJusRy44sXjgu6bZ4AaABAg,skipsbullforce387,2025-03-27T19:19:04,ITS TIME,PSY - GANGNAM STYLE(?????) M/V,2
Ugz83uFacxR1c6z5n5x4AaABAg,dcmillerii21,2025-03-27T19:45:48,What we do here echoes in GMEternity. 🚀,PSY - GANGNAM STYLE(?????) M/V,2
UgxkFo9NPlaSEgo-1_J4AaABAg,nickbattistone1742,2025-03-27T19:28:40,80 mill volume 😂😂😂😂😂😂,PSY - GANGNAM STYLE(?????) M/V,2
Ugxeg9rckSwMW0o8JFZ4AaABAg,nickbattistone1742,2025-03-27T19:09:24,Bout to pass 75 million volume 😮,PSY - GANGNAM STYLE(?????) M/V,2
Ugx3RyLvMl-YUUcEbVB4AaABAg,TaoistMaster13,2025-03-27T19:52:47,MOASS tomorrow!!!!,PSY - GANGNAM STYLE(?????) M/V,2
UgxByvwwELTX5wFKtk54AaABAg,nickbattistone1742,2025-03-27T19:14:03,24% down 😂😂😂😂😂 something is brewin,PSY - GANGNAM STYLE(?????) M/V,2
Ugztr7CuqWoo0XEaOGR4AaABAg,Chiiief-kt5my,2025-03-27T19:05:54,LETS FKIN GOOOOOOO!!! #GME,PSY - GANGNAM STYLE(?????) M/V,2
UgxlshKfBNYX1tvm63B4AaABAg,BayerVideoTours,2025-03-27T20:19:52,To the moon.  Reddit down,PSY - GANGNAM STYLE(?????) M/V,2
UgyboK91LvvZSFa5xMV4AaABAg,rileycarlson2859,2025-03-27T20:06:15,GAMESTONK!!!!!!!!!!!!!!!!!!!!!!!!!!!,PSY - GANGNAM STYLE(?????) M/V,2
Ugx0FrXkkbk_2eWxASF4AaABAg,royyoo123,2025-03-27T19:02:01,i bought the dip.,PSY - GANGNAM STYLE(?????) M/V,2
Ugzae1mx-A9seMTerA14AaABAg,jonduncan188,2025-03-27T19:17:03,I may have been early. but I'm not wrong.,PSY - GANGNAM STYLE(?????) M/V,2
UgzjKAlQybMa33OfKf14AaABAg,billcarey3694,2025-03-27T19:43:49,Hilarious that this still works 😂 this is going to end up being the most viewed video of all time on YouTube. 5.5 BILLION streams!,PSY - GANGNAM STYLE(?????) M/V,2
Ugx-e3IE7n8lnaIcTYF4AaABAg,michbon8616,2025-03-27T19:59:16,Roaring kitty is legit genius.  RC will be first trillionaire.  Save this post.,PSY - GANGNAM STYLE(?????) M/V,2
UgzlxFyWz1ZQ8r-fEAp4AaABAg,new_snake,2025-03-27T19:40:31,Just bought 300 GME,PSY - GANGNAM STYLE(?????) M/V,2
UgwBBdZ2erOGR9eB6714AaABAg,geoffwatson6638,2025-03-27T19:53:39,Ryan put us in time out so we don't screw up the ending lol.,PSY - GANGNAM STYLE(?????) M/V,2
Ugy9U3s0-eK_suFOOwV4AaABAg,story.timeee,2025-03-27T19:31:34,I like that this is still going around,PSY - GANGNAM STYLE(?????) M/V,2
UgzmtsxrHUwsNZ_65dd4AaABAg,AaaaaaaaaaHaaaa-t9c,2025-03-27T19:25:10,reddit offline. GME to the moon!,PSY - GANGNAM STYLE(?????) M/V,2
UgiRizPXQdUOXngCoAEC,Jim-yi7eb,2017-03-04T18:24:22,Who's watching in 2017?,PSY - GANGNAM STYLE(?????) M/V,2
UgicYi223fCRu3gCoAEC,fatimaarshad9586,2017-01-11T10:44:46,who is watching this video to see how much views there were,PSY - GANGNAM STYLE(?????) M/V,2
UggAzjgreqDRJXgCoAEC,AidenBulmer,2015-08-31T17:49:12,Who's watching on the 5th september?,PSY - GANGNAM STYLE(?????) M/V,2
Ugjh8FaoCu3vengCoAEC,panenka9523,2017-02-27T19:33:40,Who's watching on the 8th of March 2017?,PSY - GANGNAM STYLE(?????) M/V,2
Ugi0264BM7aF1HgCoAEC,CorpCoreyy,2016-04-14T16:01:58,Who came here only to see how many views?,PSY - GANGNAM STYLE(?????) M/V,2
,,,,,