COMMENT_ID,AUTHOR,DATE,CONTENT,VIDEO_NAME,CLASS
UgxsMJbXAYZ3AyoMxE14AaABAg,nprmusic,2024-03-14T15:58:38,WIN A TRIP TO SEE A TINY DESK CONCERT!   Enter here for your chance to win by supporting the content you love: https://bit.ly/tiny-desk-giveaway  (enter before 3/28/24 at 11:59pm PT!)  No purchase or donation required for entry. Void where otherwise restricted or prohibited by law. Must be 18 years or older and a resident of the 50 us states D.C. or Canada (excluding Quebec) to enter. Entry deadline is March 28 2024 at 11:59:59pm pt. Odds depend on the number of entries received. ARV of total prize: $2300. Max. 10000 entries per person. Official rules including an alternative free method of entry  can be found at propeller.La/support/1936/official-rules.,Olivia Rodrigo: Tiny Desk Concert,2
Ugz0h4sYc53rO-qnOpN4AaABAg,Boneydorito479,2023-12-11T06:08:54,Her voice is so consistent with her album recordings that alone is so impressive.,Olivia Rodrigo: Tiny Desk Concert,2
Ugx84b64XblJpRNSFc94AaABAg,javierav8930,2023-12-11T08:23:27,I dont get why so many say she doesn’t sing well. Her voice carries so much emotion. Her tone is beautiful and she’s a fantastic storyteller. Young girls are so lucky to have someone like her to look up too.,Olivia Rodrigo: Tiny Desk Concert,2
Ugy0_ZBBoj-_PEgubqd4AaABAg,JordenTually,2023-12-11T06:09:50,making the bed is so underrated it's my fav,Olivia Rodrigo: Tiny Desk Concert,2
UgwRZy6bEaNrcYNBCiZ4AaABAg,andretoth,2024-07-25T04:15:20,I came into this thinking Olivia was just some industry pop starlet (admittedly I was a fan of the song vampire) dime a dozen type but I had no idea how much depth and emotion and incredible quality her music had. This is exactly why Tiny Desk is such magic it helps you see through the smoke and mirrors of industry production and showcases the talent of the artists in its purest form. I'm now an Olivia Rodrigo fan!,Olivia Rodrigo: Tiny Desk Concert,2
